{
	"credit": "Made with Blockbench",
	"parent": "frontDisplayForSamporo",
	"textures": {
		"0": "items/miren05Sampo/forNiihamaFront",
		"particle": "items/miren05Sampo/forNiihamaFront"
	},
	"elements": [
		{
			"from": [9, 16.9, 25.8],
			"to": [15, 18.4, 25.8],
			"faces": {
				"north": {"uv": [9.5, 4.5, 10.25, 4.75], "texture": "#missing"},
				"east": {"uv": [0, 0, 0, 0.25], "texture": "#missing"},
				"south": {"uv": [0, 0, 16, 16], "texture": "#0"},
				"west": {"uv": [0, 0, 0, 0.25], "texture": "#missing"},
				"up": {"uv": [0.75, 0, 0, 0], "texture": "#missing"},
				"down": {"uv": [0.75, 0, 0, 0], "texture": "#missing"}
			}
		}
	],
	"display": {
		"head": {
			"scale": [4, 4, 4]
		}
	}
}