{
	"credit": "Made with Blockbench",
	"parent": "testTrainDisplay",
	"textures": {
		"0": "items/miren05Sampo/connectWR",
		"particle": "items/miren05Sampo/connectWR"
	},
	"elements": [
		{
			"from": [-0.6, 15.2, 5],
			"to": [-0.6, 17.2, 11],
			"faces": {
				"north": {"uv": [0, 0, 0, 2], "texture": "#missing"},
				"east": {"uv": [0, 0, 6, 2], "texture": "#missing"},
				"south": {"uv": [0, 0, 0, 2], "texture": "#missing"},
				"west": {"uv": [0, 0, 16, 16], "texture": "#0"},
				"up": {"uv": [0, 6, 0, 0], "texture": "#missing"},
				"down": {"uv": [0, 0, 0, 6], "texture": "#missing"}
			}
		},
		{
			"from": [16.6, 15.2, 5],
			"to": [16.6, 17.2, 11],
			"faces": {
				"north": {"uv": [0, 0, 0, 2], "texture": "#missing"},
				"east": {"uv": [0, 0, 16, 16], "texture": "#0"},
				"south": {"uv": [0, 0, 0, 2], "texture": "#missing"},
				"west": {"uv": [0, 6, 6, 8], "texture": "#missing"},
				"up": {"uv": [0, 6, 0, 0], "texture": "#missing"},
				"down": {"uv": [0, 0, 0, 6], "texture": "#missing"}
			}
		}
	],
	"display": {
		"head": {
			"scale": [4, 4, 4]
		}
	}
}